id,name,created,last_updated,description
102,Global Templates,2019-04-06 00:46:28,2019-04-06 00:46:28,Global Templates
100,ML100,2019-04-06 00:25:29,2019-04-06 00:25:29,Description of ML100
93,ML093,2019-04-06 00:25:29,2019-04-06 00:25:29,Description of ML093
51,ML051,2019-03-01 15:00:50,2019-04-06 00:25:29,Description of ML051
50,ML050,2019-03-01 15:00:49,2019-04-06 00:25:29,Description of ML050
49,ML049,2019-03-01 15:00:48,2019-04-06 00:25:29,Description of ML049
99,ML099,2019-03-01 15:00:47,2019-04-06 00:25:29,Description of ML099
48,ML048,2019-03-01 15:00:47,2019-04-06 00:25:29,Description of ML048
98,ML098,2019-03-01 15:00:46,2019-04-06 00:25:29,Description of ML098
47,ML047,2019-03-01 15:00:46,2019-04-06 00:25:29,Description of ML047
97,ML097,2019-03-01 15:00:45,2019-04-06 00:25:29,Description of ML097
46,ML046,2019-03-01 15:00:45,2019-04-06 00:25:29,Description of ML046
96,ML096,2019-03-01 15:00:44,2019-04-06 00:25:29,Description of ML096
45,ML045,2019-03-01 15:00:44,2019-04-06 00:25:29,Description of ML045
95,ML095,2019-03-01 15:00:43,2019-04-06 00:25:29,Description of ML095
44,ML044,2019-03-01 15:00:43,2019-04-06 00:25:29,Description of ML044
94,ML094,2019-03-01 15:00:42,2019-04-06 00:25:29,Description of ML094
43,ML043,2019-03-01 15:00:42,2019-04-06 00:25:29,Description of ML043
42,ML042,2019-03-01 15:00:41,2019-04-06 00:25:29,Description of ML042
92,ML092,2019-03-01 15:00:40,2019-04-06 00:25:29,Description of ML092
41,ML041,2019-03-01 15:00:40,2019-04-06 00:25:29,Description of ML041
91,ML091,2019-03-01 15:00:39,2019-04-06 00:25:29,Description of ML091
40,ML040,2019-03-01 15:00:39,2019-04-06 00:25:29,Description of ML040
90,ML090,2019-03-01 15:00:38,2019-04-06 00:25:29,Description of ML090
39,ML039,2019-03-01 15:00:38,2019-04-06 00:25:29,Description of ML039
89,ML089,2019-03-01 15:00:37,2019-04-06 00:25:29,Description of ML089
38,ML038,2019-03-01 15:00:37,2019-04-06 00:25:29,Description of ML038
88,ML088,2019-03-01 15:00:36,2019-04-06 00:25:29,Description of ML088
37,ML037,2019-03-01 15:00:36,2019-04-06 00:25:29,Description of ML037
87,ML087,2019-03-01 15:00:35,2019-04-06 00:25:29,Description of ML087
36,ML036,2019-03-01 15:00:35,2019-04-06 00:25:29,Description of ML036
86,ML086,2019-03-01 15:00:34,2019-04-06 00:25:29,Description of ML086
35,ML035,2019-03-01 15:00:34,2019-04-06 00:25:29,Description of ML035
85,ML085,2019-03-01 15:00:33,2019-04-06 00:25:29,Description of ML085
34,ML034,2019-03-01 15:00:33,2019-04-06 00:25:29,Description of ML034
84,ML084,2019-03-01 15:00:32,2019-04-06 00:25:29,Description of ML084
33,ML033,2019-03-01 15:00:32,2019-04-06 00:25:29,Description of ML033
83,ML083,2019-03-01 15:00:31,2019-04-06 00:25:29,Description of ML083
32,ML032,2019-03-01 15:00:31,2019-04-06 00:25:29,Description of ML032
82,ML082,2019-03-01 15:00:30,2019-04-06 00:25:29,Description of ML082
31,ML031,2019-03-01 15:00:30,2019-04-06 00:25:29,Description of ML031
81,ML081,2019-03-01 15:00:29,2019-04-06 00:25:29,Description of ML081
30,ML030,2019-03-01 15:00:29,2019-04-06 00:25:29,Description of ML030
80,ML080,2019-03-01 15:00:28,2019-04-06 00:25:29,Description of ML080
29,ML029,2019-03-01 15:00:28,2019-04-06 00:25:29,Description of ML029
79,ML079,2019-03-01 15:00:27,2019-04-06 00:25:29,Description of ML079
28,ML028,2019-03-01 15:00:27,2019-04-06 00:25:29,Description of ML028
78,ML078,2019-03-01 15:00:26,2019-04-06 00:25:29,Description of ML078
27,ML027,2019-03-01 15:00:26,2019-04-06 00:25:29,Description of ML027
77,ML077,2019-03-01 15:00:25,2019-04-06 00:25:29,Description of ML077
26,ML026,2019-03-01 15:00:25,2019-04-06 00:25:29,Description of ML026
76,ML076,2019-03-01 15:00:24,2019-04-06 00:25:29,Description of ML076
25,ML025,2019-03-01 15:00:24,2019-04-06 00:25:29,Description of ML025
75,ML075,2019-03-01 15:00:23,2019-04-06 00:25:29,Description of ML075
24,ML024,2019-03-01 15:00:23,2019-04-06 00:25:29,Description of ML024
74,ML074,2019-03-01 15:00:22,2019-04-06 00:25:29,Description of ML074
23,ML023,2019-03-01 15:00:22,2019-04-06 00:25:29,Description of ML023
73,ML073,2019-03-01 15:00:21,2019-04-06 00:25:29,Description of ML073
22,ML022,2019-03-01 15:00:21,2019-04-06 00:25:29,Description of ML022
72,ML072,2019-03-01 15:00:20,2019-04-06 00:25:29,Description of ML072
21,ML021,2019-03-01 15:00:20,2019-04-06 00:25:29,Description of ML021
71,ML071,2019-03-01 15:00:19,2019-04-06 00:25:29,Description of ML071
20,ML020,2019-03-01 15:00:19,2019-04-06 00:25:29,Description of ML020
70,ML070,2019-03-01 15:00:18,2019-04-06 00:25:29,Description of ML070
19,ML019,2019-03-01 15:00:18,2019-04-06 00:25:29,Description of ML019
69,ML069,2019-03-01 15:00:17,2019-04-06 00:25:29,Description of ML069
18,ML018,2019-03-01 15:00:17,2019-04-06 00:25:29,Description of ML018
68,ML068,2019-03-01 15:00:16,2019-04-06 00:25:29,Description of ML068
17,ML017,2019-03-01 15:00:16,2019-04-06 00:25:29,Description of ML017
67,ML067,2019-03-01 15:00:15,2019-04-06 00:25:29,Description of ML067
16,ML016,2019-03-01 15:00:15,2019-04-06 00:25:29,Description of ML016
66,ML066,2019-03-01 15:00:14,2019-04-06 00:25:29,Description of ML066
15,ML015,2019-03-01 15:00:14,2019-04-06 00:25:29,Description of ML015
65,ML065,2019-03-01 15:00:13,2019-04-06 00:25:29,Description of ML065
14,ML014,2019-03-01 15:00:13,2019-04-06 00:25:29,Description of ML014
64,ML064,2019-03-01 15:00:12,2019-04-06 00:25:29,Description of ML064
13,ML013,2019-03-01 15:00:12,2019-04-06 00:25:29,Description of ML013
63,ML063,2019-03-01 15:00:11,2019-04-06 00:25:29,Description of ML063
12,ML012,2019-03-01 15:00:11,2019-04-06 00:25:29,Description of ML012
62,ML062,2019-03-01 15:00:10,2019-04-06 00:25:29,Description of ML062
11,ML011,2019-03-01 15:00:10,2019-04-06 00:25:29,Description of ML011
61,ML061,2019-03-01 15:00:09,2019-04-06 00:25:29,Description of ML061
10,ML010,2019-03-01 15:00:09,2019-04-06 00:25:29,Description of ML010
60,ML060,2019-03-01 15:00:08,2019-04-06 00:25:29,Description of ML060
9,ML009,2019-03-01 15:00:08,2019-04-06 00:25:29,Description of ML009
59,ML059,2019-03-01 15:00:07,2019-04-06 00:25:29,Description of ML059
8,ML008,2019-03-01 15:00:07,2019-04-06 00:25:29,Description of ML008
58,ML058,2019-03-01 15:00:06,2019-04-06 00:25:29,Description of ML058
7,ML007,2019-03-01 15:00:06,2019-04-06 00:25:29,Description of ML007
57,ML057,2019-03-01 15:00:05,2019-04-06 00:25:29,Description of ML057
6,ML006,2019-03-01 15:00:05,2019-04-06 00:25:29,Description of ML006
56,ML056,2019-03-01 15:00:04,2019-04-06 00:25:29,Description of ML056
5,ML005,2019-03-01 15:00:04,2019-04-06 00:25:29,Description of ML005
55,ML055,2019-03-01 15:00:03,2019-04-06 00:25:29,Description of ML055
4,ML004,2019-03-01 15:00:03,2019-04-06 00:25:29,Description of ML004
54,ML054,2019-03-01 15:00:02,2019-04-06 00:25:29,Description of ML054
3,ML003,2019-03-01 15:00:02,2019-04-06 00:25:29,Description of ML003
53,ML053,2019-03-01 15:00:01,2019-04-06 00:25:29,Description of ML053
2,ML002,2019-03-01 15:00:01,2019-04-06 00:25:29,Description of ML002
52,ML052,2019-03-01 15:00:00,2019-04-06 00:25:29,Description of ML052
1,ML001,2019-03-01 15:00:00,2019-04-06 00:25:29,Description of ML001
